data_pid,water_lvl,lib_cap
1065215000,318.0,-0.0
1065215000,318.01,-0.02
1065215000,318.02,-0.04
1065215000,318.03,-0.05
1065215000,318.04,-0.07
1065215000,318.05,-0.09
1065215000,318.06,-0.11
1065215000,318.07,-0.13
1065215000,318.08,-0.14
1065215000,318.09,-0.16
1065215000,318.1,-0.18
1065215000,318.11,-0.2
1065215000,318.12,-0.21
1065215000,318.13,-0.23
1065215000,318.14,-0.25
1065215000,318.15,-0.27
1065215000,318.16,-0.29
1065215000,318.17,-0.3
1065215000,318.18,-0.32
1065215000,318.19,-0.34
1065215000,318.2,-0.36
1065215000,318.21,-0.37
1065215000,318.22,-0.39
1065215000,318.23,-0.41
1065215000,318.24,-0.42
1065215000,318.25,-0.44
1065215000,318.26,-0.46
1065215000,318.27,-0.48
1065215000,318.28,-0.49
1065215000,318.29,-0.51
1065215000,318.3,-0.53
1065215000,318.31,-0.54
1065215000,318.32,-0.56
1065215000,318.33,-0.58
1065215000,318.34,-0.6
1065215000,318.35,-0.61
1065215000,318.36,-0.63
1065215000,318.37,-0.65
1065215000,318.38,-0.66
1065215000,318.39,-0.68
1065215000,318.4,-0.7
1065215000,318.41,-0.71
1065215000,318.42,-0.73
1065215000,318.43,-0.75
1065215000,318.44,-0.76
1065215000,318.45,-0.78
1065215000,318.46,-0.79
1065215000,318.47,-0.81
1065215000,318.48,-0.83
1065215000,318.49,-0.84
1065215000,318.5,-0.86
1065215000,318.51,-0.88
1065215000,318.52,-0.89
1065215000,318.53,-0.91
1065215000,318.54,-0.92
1065215000,318.55,-0.94
1065215000,318.56,-0.96
1065215000,318.57,-0.97
1065215000,318.58,-0.99
1065215000,318.59,-1.0
1065215000,318.6,-1.02
1065215000,318.61,-1.04
1065215000,318.62,-1.05
1065215000,318.63,-1.07
1065215000,318.64,-1.08
1065215000,318.65,-1.1
1065215000,318.66,-1.11
1065215000,318.67,-1.13
1065215000,318.68,-1.15
1065215000,318.69,-1.16
1065215000,318.7,-1.18
1065215000,318.71,-1.19
1065215000,318.72,-1.21
1065215000,318.73,-1.22
1065215000,318.74,-1.24
1065215000,318.75,-1.25
1065215000,318.76,-1.27
1065215000,318.77,-1.28
1065215000,318.78,-1.3
1065215000,318.79,-1.31
1065215000,318.8,-1.33
1065215000,318.81,-1.34
1065215000,318.82,-1.36
1065215000,318.83,-1.37
1065215000,318.84,-1.39
1065215000,318.85,-1.4
1065215000,318.86,-1.42
1065215000,318.87,-1.43
1065215000,318.88,-1.45
1065215000,318.89,-1.46
1065215000,318.9,-1.48
1065215000,318.91,-1.49
1065215000,318.92,-1.51
1065215000,318.93,-1.52
1065215000,318.94,-1.54
1065215000,318.95,-1.55
1065215000,318.96,-1.56
1065215000,318.97,-1.58
1065215000,318.98,-1.59
1065215000,318.99,-1.61
1065215000,319.0,-1.62
1065215000,319.01,-1.64
1065215000,319.02,-1.65
1065215000,319.03,-1.66
1065215000,319.04,-1.68
1065215000,319.05,-1.69
1065215000,319.06,-1.71
1065215000,319.07,-1.72
1065215000,319.08,-1.73
1065215000,319.09,-1.75
1065215000,319.1,-1.76
1065215000,319.11,-1.78
1065215000,319.12,-1.79
1065215000,319.13,-1.8
1065215000,319.14,-1.82
1065215000,319.15,-1.83
1065215000,319.16,-1.84
1065215000,319.17,-1.86
1065215000,319.18,-1.87
1065215000,319.19,-1.88
1065215000,319.2,-1.9
1065215000,319.21,-1.91
1065215000,319.22,-1.92
1065215000,319.23,-1.94
1065215000,319.24,-1.95
1065215000,319.25,-1.96
1065215000,319.26,-1.98
1065215000,319.27,-1.99
1065215000,319.28,-2.0
1065215000,319.29,-2.02
1065215000,319.3,-2.03
1065215000,319.31,-2.04
1065215000,319.32,-2.05
1065215000,319.33,-2.07
1065215000,319.34,-2.08
1065215000,319.35,-2.09
1065215000,319.36,-2.1
1065215000,319.37,-2.12
1065215000,319.38,-2.13
1065215000,319.39,-2.14
1065215000,319.4,-2.15
1065215000,319.41,-2.17
1065215000,319.42,-2.18
1065215000,319.43,-2.19
1065215000,319.44,-2.2
1065215000,319.45,-2.22
1065215000,319.46,-2.23
1065215000,319.47,-2.24
1065215000,319.48,-2.25
1065215000,319.49,-2.27
1065215000,319.5,-2.28
1065215000,319.51,-2.29
1065215000,319.52,-2.3
1065215000,319.53,-2.31
1065215000,319.54,-2.33
1065215000,319.55,-2.34
1065215000,319.56,-2.35
1065215000,319.57,-2.36
1065215000,319.58,-2.37
1065215000,319.59,-2.38
1065215000,319.6,-2.4
1065215000,319.61,-2.41
1065215000,319.62,-2.42
1065215000,319.63,-2.43
1065215000,319.64,-2.44
1065215000,319.65,-2.45
1065215000,319.66,-2.46
1065215000,319.67,-2.48
1065215000,319.68,-2.49
1065215000,319.69,-2.5
1065215000,319.7,-2.51
1065215000,319.71,-2.52
1065215000,319.72,-2.53
1065215000,319.73,-2.54
1065215000,319.74,-2.55
1065215000,319.75,-2.57
1065215000,319.76,-2.58
1065215000,319.77,-2.59
1065215000,319.78,-2.6
1065215000,319.79,-2.61
1065215000,319.8,-2.62
1065215000,319.81,-2.63
1065215000,319.82,-2.64
1065215000,319.83,-2.65
1065215000,319.84,-2.66
1065215000,319.85,-2.67
1065215000,319.86,-2.68
1065215000,319.87,-2.69
1065215000,319.88,-2.7
1065215000,319.89,-2.71
1065215000,319.9,-2.73
1065215000,319.91,-2.74
1065215000,319.92,-2.75
1065215000,319.93,-2.76
1065215000,319.94,-2.77
1065215000,319.95,-2.78
1065215000,319.96,-2.79
1065215000,319.97,-2.8
1065215000,319.98,-2.81
1065215000,319.99,-2.82
1065215000,320.0,-2.83
1065215000,320.01,-2.84
1065215000,320.02,-2.85
1065215000,320.03,-2.86
1065215000,320.04,-2.87
1065215000,320.05,-2.88
1065215000,320.06,-2.89
1065215000,320.07,-2.9
1065215000,320.08,-2.9
1065215000,320.09,-2.91
1065215000,320.1,-2.92
1065215000,320.11,-2.93
1065215000,320.12,-2.94
1065215000,320.13,-2.95
1065215000,320.14,-2.96
1065215000,320.15,-2.97
1065215000,320.16,-2.98
1065215000,320.17,-2.99
1065215000,320.18,-3.0
1065215000,320.19,-3.01
1065215000,320.2,-3.02
1065215000,320.21,-3.03
1065215000,320.22,-3.03
1065215000,320.23,-3.04
1065215000,320.24,-3.05
1065215000,320.25,-3.06
1065215000,320.26,-3.07
1065215000,320.27,-3.08
1065215000,320.28,-3.09
1065215000,320.29,-3.1
1065215000,320.3,-3.11
1065215000,320.31,-3.11
1065215000,320.32,-3.12
1065215000,320.33,-3.13
1065215000,320.34,-3.14
1065215000,320.35,-3.15
1065215000,320.36,-3.16
1065215000,320.37,-3.17
1065215000,320.38,-3.17
1065215000,320.39,-3.18
1065215000,320.4,-3.19
1065215000,320.41,-3.2
1065215000,320.42,-3.21
1065215000,320.43,-3.22
1065215000,320.44,-3.22
1065215000,320.45,-3.23
1065215000,320.46,-3.24
1065215000,320.47,-3.25
1065215000,320.48,-3.26
1065215000,320.49,-3.26
1065215000,320.5,-3.27
1065215000,320.51,-3.28
1065215000,320.52,-3.29
1065215000,320.53,-3.29
1065215000,320.54,-3.3
1065215000,320.55,-3.31
1065215000,320.56,-3.32
1065215000,320.57,-3.33
1065215000,320.58,-3.33
1065215000,320.59,-3.34
1065215000,320.6,-3.35
1065215000,320.61,-3.36
1065215000,320.62,-3.36
1065215000,320.63,-3.37
1065215000,320.64,-3.38
1065215000,320.65,-3.39
1065215000,320.66,-3.39
1065215000,320.67,-3.4
1065215000,320.68,-3.41
1065215000,320.69,-3.41
1065215000,320.7,-3.42
1065215000,320.71,-3.43
1065215000,320.72,-3.44
1065215000,320.73,-3.44
1065215000,320.74,-3.45
1065215000,320.75,-3.46
1065215000,320.76,-3.46
1065215000,320.77,-3.47
1065215000,320.78,-3.48
1065215000,320.79,-3.48
1065215000,320.8,-3.49
1065215000,320.81,-3.5
1065215000,320.82,-3.5
1065215000,320.83,-3.51
1065215000,320.84,-3.52
1065215000,320.85,-3.52
1065215000,320.86,-3.53
1065215000,320.87,-3.54
1065215000,320.88,-3.54
1065215000,320.89,-3.55
1065215000,320.9,-3.56
1065215000,320.91,-3.56
1065215000,320.92,-3.57
1065215000,320.93,-3.57
1065215000,320.94,-3.58
1065215000,320.95,-3.59
1065215000,320.96,-3.59
1065215000,320.97,-3.6
1065215000,320.98,-3.6
1065215000,320.99,-3.61
1065215000,321.0,-3.62
1065215000,321.01,-3.62
1065215000,321.02,-3.63
1065215000,321.03,-3.63
1065215000,321.04,-3.64
1065215000,321.05,-3.65
1065215000,321.06,-3.65
1065215000,321.07,-3.66
1065215000,321.08,-3.66
1065215000,321.09,-3.67
1065215000,321.1,-3.67
1065215000,321.11,-3.68
1065215000,321.12,-3.69
1065215000,321.13,-3.69
1065215000,321.14,-3.7
1065215000,321.15,-3.7
1065215000,321.16,-3.71
1065215000,321.17,-3.71
1065215000,321.18,-3.72
1065215000,321.19,-3.72
1065215000,321.2,-3.73
1065215000,321.21,-3.73
1065215000,321.22,-3.74
1065215000,321.23,-3.74
1065215000,321.24,-3.75
1065215000,321.25,-3.75
1065215000,321.26,-3.76
1065215000,321.27,-3.76
1065215000,321.28,-3.77
1065215000,321.29,-3.77
1065215000,321.3,-3.78
1065215000,321.31,-3.78
1065215000,321.32,-3.79
1065215000,321.33,-3.79
1065215000,321.34,-3.8
1065215000,321.35,-3.8
1065215000,321.36,-3.81
1065215000,321.37,-3.81
1065215000,321.38,-3.82
1065215000,321.39,-3.82
1065215000,321.4,-3.82
1065215000,321.41,-3.83
1065215000,321.42,-3.83
1065215000,321.43,-3.84
1065215000,321.44,-3.84
1065215000,321.45,-3.85
1065215000,321.46,-3.85
1065215000,321.47,-3.86
1065215000,321.48,-3.86
1065215000,321.49,-3.86
1065215000,321.5,-3.87
1065215000,321.51,-3.87
1065215000,321.52,-3.88
1065215000,321.53,-3.88
1065215000,321.54,-3.88
1065215000,321.55,-3.89
1065215000,321.56,-3.89
1065215000,321.57,-3.9
1065215000,321.58,-3.9
1065215000,321.59,-3.9
1065215000,321.6,-3.91
1065215000,321.61,-3.91
1065215000,321.62,-3.92
1065215000,321.63,-3.92
1065215000,321.64,-3.92
1065215000,321.65,-3.93
1065215000,321.66,-3.93
1065215000,321.67,-3.93
1065215000,321.68,-3.94
1065215000,321.69,-3.94
1065215000,321.7,-3.94
1065215000,321.71,-3.95
1065215000,321.72,-3.95
1065215000,321.73,-3.95
1065215000,321.74,-3.96
1065215000,321.75,-3.96
1065215000,321.76,-3.96
1065215000,321.77,-3.97
1065215000,321.78,-3.97
1065215000,321.79,-3.97
1065215000,321.8,-3.98
1065215000,321.81,-3.98
1065215000,321.82,-3.98
1065215000,321.83,-3.99
1065215000,321.84,-3.99
1065215000,321.85,-3.99
1065215000,321.86,-4.0
1065215000,321.87,-4.0
1065215000,321.88,-4.0
1065215000,321.89,-4.0
1065215000,321.9,-4.01
1065215000,321.91,-4.01
1065215000,321.92,-4.01
1065215000,321.93,-4.02
1065215000,321.94,-4.02
1065215000,321.95,-4.02
1065215000,321.96,-4.02
1065215000,321.97,-4.03
1065215000,321.98,-4.03
1065215000,321.99,-4.03
1065215000,322.0,-4.03
1065215000,322.01,-4.04
1065215000,322.02,-4.04
1065215000,322.03,-4.04
1065215000,322.04,-4.04
1065215000,322.05,-4.05
1065215000,322.06,-4.05
1065215000,322.07,-4.05
1065215000,322.08,-4.05
1065215000,322.09,-4.05
1065215000,322.1,-4.06
1065215000,322.11,-4.06
1065215000,322.12,-4.06
1065215000,322.13,-4.06
1065215000,322.14,-4.06
1065215000,322.15,-4.07
1065215000,322.16,-4.07
1065215000,322.17,-4.07
1065215000,322.18,-4.07
1065215000,322.19,-4.07
1065215000,322.2,-4.08
1065215000,322.21,-4.08
1065215000,322.22,-4.08
1065215000,322.23,-4.08
1065215000,322.24,-4.08
1065215000,322.25,-4.09
1065215000,322.26,-4.09
1065215000,322.27,-4.09
1065215000,322.28,-4.09
1065215000,322.29,-4.09
1065215000,322.3,-4.09
1065215000,322.31,-4.1
1065215000,322.32,-4.1
1065215000,322.33,-4.1
1065215000,322.34,-4.1
1065215000,322.35,-4.1
1065215000,322.36,-4.1
1065215000,322.37,-4.1
1065215000,322.38,-4.11
1065215000,322.39,-4.11
1065215000,322.4,-4.11
1065215000,322.41,-4.11
1065215000,322.42,-4.11
1065215000,322.43,-4.11
1065215000,322.44,-4.11
1065215000,322.45,-4.11
1065215000,322.46,-4.11
1065215000,322.47,-4.12
1065215000,322.48,-4.12
1065215000,322.49,-4.12
1065215000,322.5,-4.12
1065215000,322.51,-4.12
1065215000,322.52,-4.12
1065215000,322.53,-4.12
1065215000,322.54,-4.12
1065215000,322.55,-4.12
1065215000,322.56,-4.12
1065215000,322.57,-4.12
1065215000,322.58,-4.13
1065215000,322.59,-4.13
1065215000,322.6,-4.13
1065215000,322.61,-4.13
1065215000,322.62,-4.13
1065215000,322.63,-4.13
1065215000,322.64,-4.13
1065215000,322.65,-4.13
1065215000,322.66,-4.13
1065215000,322.67,-4.13
1065215000,322.68,-4.13
1065215000,322.69,-4.13
1065215000,322.7,-4.13
1065215000,322.71,-4.13
1065215000,322.72,-4.13
1065215000,322.73,-4.13
1065215000,322.74,-4.13
1065215000,322.75,-4.13
1065215000,322.76,-4.13
1065215000,322.77,-4.13
1065215000,322.78,-4.13
1065215000,322.79,-4.13
1065215000,322.8,-4.13
1065215000,322.81,-4.13
1065215000,322.82,-4.13
1065215000,322.83,-4.13
1065215000,322.84,-4.13
1065215000,322.85,-4.13
1065215000,322.86,-4.13
1065215000,322.87,-4.13
1065215000,322.88,-4.13
1065215000,322.89,-4.13
1065215000,322.9,-4.13
1065215000,322.91,-4.13
1065215000,322.92,-4.13
1065215000,322.93,-4.13
1065215000,322.94,-4.13
1065215000,322.95,-4.13
1065215000,322.96,-4.13
1065215000,322.97,-4.13
1065215000,322.98,-4.13
1065215000,322.99,-4.13
1065215000,323.0,-4.13
1065215000,323.01,-4.13
1065215000,323.02,-4.13
1065215000,323.03,-4.13
1065215000,323.04,-4.13
1065215000,323.05,-4.13
1065215000,323.06,-4.13
1065215000,323.07,-4.13
1065215000,323.08,-4.13
1065215000,323.09,-4.13
1065215000,323.1,-4.13
1065215000,323.11,-4.12
1065215000,323.12,-4.12
1065215000,323.13,-4.12
1065215000,323.14,-4.12
1065215000,323.15,-4.12
1065215000,323.16,-4.12
1065215000,323.17,-4.12
1065215000,323.18,-4.12
1065215000,323.19,-4.12
1065215000,323.2,-4.12
1065215000,323.21,-4.12
1065215000,323.22,-4.12
1065215000,323.23,-4.11
1065215000,323.24,-4.11
1065215000,323.25,-4.11
1065215000,323.26,-4.11
1065215000,323.27,-4.11
1065215000,323.28,-4.11
1065215000,323.29,-4.11
1065215000,323.3,-4.11
1065215000,323.31,-4.1
1065215000,323.32,-4.1
1065215000,323.33,-4.1
1065215000,323.34,-4.1
1065215000,323.35,-4.1
1065215000,323.36,-4.1
1065215000,323.37,-4.1
1065215000,323.38,-4.1
1065215000,323.39,-4.09
1065215000,323.4,-4.09
1065215000,323.41,-4.09
1065215000,323.42,-4.09
1065215000,323.43,-4.09
1065215000,323.44,-4.09
1065215000,323.45,-4.09
1065215000,323.46,-4.08
1065215000,323.47,-4.08
1065215000,323.48,-4.08
1065215000,323.49,-4.08
1065215000,323.5,-4.08
1065215000,323.51,-4.08
1065215000,323.52,-4.07
1065215000,323.53,-4.07
1065215000,323.54,-4.07
1065215000,323.55,-4.07
1065215000,323.56,-4.07
1065215000,323.57,-4.06
1065215000,323.58,-4.06
1065215000,323.59,-4.06
1065215000,323.6,-4.06
1065215000,323.61,-4.06
1065215000,323.62,-4.05
1065215000,323.63,-4.05
1065215000,323.64,-4.05
1065215000,323.65,-4.05
1065215000,323.66,-4.05
1065215000,323.67,-4.04
1065215000,323.68,-4.04
1065215000,323.69,-4.04
1065215000,323.7,-4.04
1065215000,323.71,-4.04
1065215000,323.72,-4.03
1065215000,323.73,-4.03
1065215000,323.74,-4.03
1065215000,323.75,-4.03
1065215000,323.76,-4.02
1065215000,323.77,-4.02
1065215000,323.78,-4.02
1065215000,323.79,-4.02
1065215000,323.8,-4.01
1065215000,323.81,-4.01
1065215000,323.82,-4.01
1065215000,323.83,-4.01
1065215000,323.84,-4.0
1065215000,323.85,-4.0
1065215000,323.86,-4.0
1065215000,323.87,-4.0
1065215000,323.88,-3.99
1065215000,323.89,-3.99
1065215000,323.9,-3.99
1065215000,323.91,-3.99
1065215000,323.92,-3.98
1065215000,323.93,-3.98
1065215000,323.94,-3.98
1065215000,323.95,-3.98
1065215000,323.96,-3.97
1065215000,323.97,-3.97
1065215000,323.98,-3.97
1065215000,323.99,-3.96
1065215000,324.0,-3.96
1065215000,324.01,-3.96
1065215000,324.02,-3.96
1065215000,324.03,-3.95
1065215000,324.04,-3.95
1065215000,324.05,-3.95
1065215000,324.06,-3.94
1065215000,324.07,-3.94
1065215000,324.08,-3.94
1065215000,324.09,-3.93
1065215000,324.1,-3.93
1065215000,324.11,-3.93
1065215000,324.12,-3.92
1065215000,324.13,-3.92
1065215000,324.14,-3.92
1065215000,324.15,-3.91
1065215000,324.16,-3.91
1065215000,324.17,-3.91
1065215000,324.18,-3.91
1065215000,324.19,-3.9
1065215000,324.2,-3.9
1065215000,324.21,-3.9
1065215000,324.22,-3.89
1065215000,324.23,-3.89
1065215000,324.24,-3.88
1065215000,324.25,-3.88
1065215000,324.26,-3.88
1065215000,324.27,-3.87
1065215000,324.28,-3.87
1065215000,324.29,-3.87
1065215000,324.3,-3.86
1065215000,324.31,-3.86
1065215000,324.32,-3.86
1065215000,324.33,-3.85
1065215000,324.34,-3.85
1065215000,324.35,-3.85
1065215000,324.36,-3.84
1065215000,324.37,-3.84
1065215000,324.38,-3.83
1065215000,324.39,-3.83
1065215000,324.4,-3.83
1065215000,324.41,-3.82
1065215000,324.42,-3.82
1065215000,324.43,-3.82
1065215000,324.44,-3.81
1065215000,324.45,-3.81
1065215000,324.46,-3.8
1065215000,324.47,-3.8
1065215000,324.48,-3.8
1065215000,324.49,-3.79
1065215000,324.5,-3.79
1065215000,324.51,-3.78
1065215000,324.52,-3.78
1065215000,324.53,-3.78
1065215000,324.54,-3.77
1065215000,324.55,-3.77
1065215000,324.56,-3.76
1065215000,324.57,-3.76
1065215000,324.58,-3.76
1065215000,324.59,-3.75
1065215000,324.6,-3.75
1065215000,324.61,-3.74
1065215000,324.62,-3.74
1065215000,324.63,-3.73
1065215000,324.64,-3.73
1065215000,324.65,-3.73
1065215000,324.66,-3.72
1065215000,324.67,-3.72
1065215000,324.68,-3.71
1065215000,324.69,-3.71
1065215000,324.7,-3.7
1065215000,324.71,-3.7
1065215000,324.72,-3.7
1065215000,324.73,-3.69
1065215000,324.74,-3.69
1065215000,324.75,-3.68
1065215000,324.76,-3.68
1065215000,324.77,-3.67
1065215000,324.78,-3.67
1065215000,324.79,-3.66
1065215000,324.8,-3.66
1065215000,324.81,-3.65
1065215000,324.82,-3.65
1065215000,324.83,-3.65
1065215000,324.84,-3.64
1065215000,324.85,-3.64
1065215000,324.86,-3.63
1065215000,324.87,-3.63
1065215000,324.88,-3.62
1065215000,324.89,-3.62
1065215000,324.9,-3.61
1065215000,324.91,-3.61
1065215000,324.92,-3.6
1065215000,324.93,-3.6
1065215000,324.94,-3.59
1065215000,324.95,-3.59
1065215000,324.96,-3.58
1065215000,324.97,-3.58
1065215000,324.98,-3.57
1065215000,324.99,-3.57
1065215000,325.0,-3.56
1065215000,325.01,-3.56
1065215000,325.02,-3.55
1065215000,325.03,-3.55
1065215000,325.04,-3.54
1065215000,325.05,-3.54
1065215000,325.06,-3.53
1065215000,325.07,-3.53
1065215000,325.08,-3.52
1065215000,325.09,-3.52
1065215000,325.1,-3.51
1065215000,325.11,-3.51
1065215000,325.12,-3.5
1065215000,325.13,-3.5
1065215000,325.14,-3.49
1065215000,325.15,-3.49
1065215000,325.16,-3.48
1065215000,325.17,-3.47
1065215000,325.18,-3.47
1065215000,325.19,-3.46
1065215000,325.2,-3.46
1065215000,325.21,-3.45
1065215000,325.22,-3.45
1065215000,325.23,-3.44
1065215000,325.24,-3.44
1065215000,325.25,-3.43
1065215000,325.26,-3.43
1065215000,325.27,-3.42
1065215000,325.28,-3.41
1065215000,325.29,-3.41
1065215000,325.3,-3.4
1065215000,325.31,-3.4
1065215000,325.32,-3.39
1065215000,325.33,-3.39
1065215000,325.34,-3.38
1065215000,325.35,-3.38
1065215000,325.36,-3.37
1065215000,325.37,-3.36
1065215000,325.38,-3.36
1065215000,325.39,-3.35
1065215000,325.4,-3.35
1065215000,325.41,-3.34
1065215000,325.42,-3.34
1065215000,325.43,-3.33
1065215000,325.44,-3.32
1065215000,325.45,-3.32
1065215000,325.46,-3.31
1065215000,325.47,-3.31
1065215000,325.48,-3.3
1065215000,325.49,-3.29
1065215000,325.5,-3.29
1065215000,325.51,-3.28
1065215000,325.52,-3.28
1065215000,325.53,-3.27
1065215000,325.54,-3.26
1065215000,325.55,-3.26
1065215000,325.56,-3.25
1065215000,325.57,-3.25
1065215000,325.58,-3.24
1065215000,325.59,-3.23
1065215000,325.6,-3.23
1065215000,325.61,-3.22
1065215000,325.62,-3.21
1065215000,325.63,-3.21
1065215000,325.64,-3.2
1065215000,325.65,-3.2
1065215000,325.66,-3.19
1065215000,325.67,-3.18
1065215000,325.68,-3.18
1065215000,325.69,-3.17
1065215000,325.7,-3.16
1065215000,325.71,-3.16
1065215000,325.72,-3.15
1065215000,325.73,-3.15
1065215000,325.74,-3.14
1065215000,325.75,-3.13
1065215000,325.76,-3.13
1065215000,325.77,-3.12
1065215000,325.78,-3.11
1065215000,325.79,-3.11
1065215000,325.8,-3.1
1065215000,325.81,-3.09
1065215000,325.82,-3.09
1065215000,325.83,-3.08
1065215000,325.84,-3.07
1065215000,325.85,-3.07
1065215000,325.86,-3.06
1065215000,325.87,-3.05
1065215000,325.88,-3.05
1065215000,325.89,-3.04
1065215000,325.9,-3.03
1065215000,325.91,-3.03
1065215000,325.92,-3.02
1065215000,325.93,-3.01
1065215000,325.94,-3.01
1065215000,325.95,-3.0
1065215000,325.96,-2.99
1065215000,325.97,-2.99
1065215000,325.98,-2.98
1065215000,325.99,-2.97
1065215000,326.0,-2.97
1065215000,326.01,-2.96
1065215000,326.02,-2.95
1065215000,326.03,-2.94
1065215000,326.04,-2.94
1065215000,326.05,-2.93
1065215000,326.06,-2.92
1065215000,326.07,-2.92
1065215000,326.08,-2.91
1065215000,326.09,-2.9
1065215000,326.1,-2.9
1065215000,326.11,-2.89
1065215000,326.12,-2.88
1065215000,326.13,-2.87
1065215000,326.14,-2.87
1065215000,326.15,-2.86
1065215000,326.16,-2.85
1065215000,326.17,-2.85
1065215000,326.18,-2.84
1065215000,326.19,-2.83
1065215000,326.2,-2.82
1065215000,326.21,-2.82
1065215000,326.22,-2.81
1065215000,326.23,-2.8
1065215000,326.24,-2.79
1065215000,326.25,-2.79
1065215000,326.26,-2.78
1065215000,326.27,-2.77
1065215000,326.28,-2.77
1065215000,326.29,-2.76
1065215000,326.3,-2.75
1065215000,326.31,-2.74
1065215000,326.32,-2.74
1065215000,326.33,-2.73
1065215000,326.34,-2.72
1065215000,326.35,-2.71
1065215000,326.36,-2.71
1065215000,326.37,-2.7
1065215000,326.38,-2.69
1065215000,326.39,-2.68
1065215000,326.4,-2.68
1065215000,326.41,-2.67
1065215000,326.42,-2.66
1065215000,326.43,-2.65
1065215000,326.44,-2.64
1065215000,326.45,-2.64
1065215000,326.46,-2.63
1065215000,326.47,-2.62
1065215000,326.48,-2.61
1065215000,326.49,-2.61
1065215000,326.5,-2.6
1065215000,326.51,-2.59
1065215000,326.52,-2.58
1065215000,326.53,-2.57
1065215000,326.54,-2.57
1065215000,326.55,-2.56
1065215000,326.56,-2.55
1065215000,326.57,-2.54
1065215000,326.58,-2.54
1065215000,326.59,-2.53
1065215000,326.6,-2.52
1065215000,326.61,-2.51
1065215000,326.62,-2.5
1065215000,326.63,-2.5
1065215000,326.64,-2.49
1065215000,326.65,-2.48
1065215000,326.66,-2.47
1065215000,326.67,-2.46
1065215000,326.68,-2.45
1065215000,326.69,-2.45
1065215000,326.7,-2.44
1065215000,326.71,-2.43
1065215000,326.72,-2.42
1065215000,326.73,-2.41
1065215000,326.74,-2.41
1065215000,326.75,-2.4
1065215000,326.76,-2.39
1065215000,326.77,-2.38
1065215000,326.78,-2.37
1065215000,326.79,-2.36
1065215000,326.8,-2.36
1065215000,326.81,-2.35
1065215000,326.82,-2.34
1065215000,326.83,-2.33
1065215000,326.84,-2.32
1065215000,326.85,-2.31
1065215000,326.86,-2.31
1065215000,326.87,-2.3
1065215000,326.88,-2.29
1065215000,326.89,-2.28
1065215000,326.9,-2.27
1065215000,326.91,-2.26
1065215000,326.92,-2.26
1065215000,326.93,-2.25
1065215000,326.94,-2.24
1065215000,326.95,-2.23
1065215000,326.96,-2.22
1065215000,326.97,-2.21
1065215000,326.98,-2.2
1065215000,326.99,-2.2
1065215000,327.0,-2.19
1065215000,327.01,-2.18
1065215000,327.02,-2.17
1065215000,327.03,-2.16
1065215000,327.04,-2.15
1065215000,327.05,-2.14
1065215000,327.06,-2.13
1065215000,327.07,-2.13
1065215000,327.08,-2.12
1065215000,327.09,-2.11
1065215000,327.1,-2.1
1065215000,327.11,-2.09
1065215000,327.12,-2.08
1065215000,327.13,-2.07
1065215000,327.14,-2.06
1065215000,327.15,-2.05
1065215000,327.16,-2.05
1065215000,327.17,-2.04
1065215000,327.18,-2.03
1065215000,327.19,-2.02
1065215000,327.2,-2.01
1065215000,327.21,-2.0
1065215000,327.22,-1.99
1065215000,327.23,-1.98
1065215000,327.24,-1.97
1065215000,327.25,-1.96
1065215000,327.26,-1.96
1065215000,327.27,-1.95
1065215000,327.28,-1.94
1065215000,327.29,-1.93
1065215000,327.3,-1.92
1065215000,327.31,-1.91
1065215000,327.32,-1.9
1065215000,327.33,-1.89
1065215000,327.34,-1.88
1065215000,327.35,-1.87
1065215000,327.36,-1.86
1065215000,327.37,-1.85
1065215000,327.38,-1.84
1065215000,327.39,-1.84
1065215000,327.4,-1.83
1065215000,327.41,-1.82
1065215000,327.42,-1.81
1065215000,327.43,-1.8
1065215000,327.44,-1.79
1065215000,327.45,-1.78
1065215000,327.46,-1.77
1065215000,327.47,-1.76
1065215000,327.48,-1.75
1065215000,327.49,-1.74
1065215000,327.5,-1.73
1065215000,327.51,-1.72
1065215000,327.52,-1.71
1065215000,327.53,-1.7
1065215000,327.54,-1.69
1065215000,327.55,-1.68
1065215000,327.56,-1.67
1065215000,327.57,-1.66
1065215000,327.58,-1.65
1065215000,327.59,-1.64
1065215000,327.6,-1.64
1065215000,327.61,-1.63
1065215000,327.62,-1.62
1065215000,327.63,-1.61
1065215000,327.64,-1.6
1065215000,327.65,-1.59
1065215000,327.66,-1.58
1065215000,327.67,-1.57
1065215000,327.68,-1.56
1065215000,327.69,-1.55
1065215000,327.7,-1.54
1065215000,327.71,-1.53
1065215000,327.72,-1.52
1065215000,327.73,-1.51
1065215000,327.74,-1.5
1065215000,327.75,-1.49
1065215000,327.76,-1.48
1065215000,327.77,-1.47
1065215000,327.78,-1.46
1065215000,327.79,-1.45
1065215000,327.8,-1.44
1065215000,327.81,-1.43
1065215000,327.82,-1.42
1065215000,327.83,-1.41
1065215000,327.84,-1.4
1065215000,327.85,-1.39
1065215000,327.86,-1.38
1065215000,327.87,-1.37
1065215000,327.88,-1.36
1065215000,327.89,-1.35
1065215000,327.9,-1.34
1065215000,327.91,-1.33
1065215000,327.92,-1.32
1065215000,327.93,-1.31
1065215000,327.94,-1.3
1065215000,327.95,-1.28
1065215000,327.96,-1.27
1065215000,327.97,-1.26
1065215000,327.98,-1.25
1065215000,327.99,-1.24
1065215000,328.0,-1.23
1065215000,328.01,-1.22
1065215000,328.02,-1.21
1065215000,328.03,-1.2
1065215000,328.04,-1.19
1065215000,328.05,-1.18
1065215000,328.06,-1.17
1065215000,328.07,-1.16
1065215000,328.08,-1.15
1065215000,328.09,-1.14
1065215000,328.1,-1.13
1065215000,328.11,-1.12
1065215000,328.12,-1.11
1065215000,328.13,-1.1
1065215000,328.14,-1.09
1065215000,328.15,-1.08
1065215000,328.16,-1.06
1065215000,328.17,-1.05
1065215000,328.18,-1.04
1065215000,328.19,-1.03
1065215000,328.2,-1.02
1065215000,328.21,-1.01
1065215000,328.22,-1.0
1065215000,328.23,-0.99
1065215000,328.24,-0.98
1065215000,328.25,-0.97
1065215000,328.26,-0.96
1065215000,328.27,-0.95
1065215000,328.28,-0.94
1065215000,328.29,-0.92
1065215000,328.3,-0.91
1065215000,328.31,-0.9
1065215000,328.32,-0.89
1065215000,328.33,-0.88
1065215000,328.34,-0.87
1065215000,328.35,-0.86
1065215000,328.36,-0.85
1065215000,328.37,-0.84
1065215000,328.38,-0.83
1065215000,328.39,-0.81
1065215000,328.4,-0.8
1065215000,328.41,-0.79
1065215000,328.42,-0.78
1065215000,328.43,-0.77
1065215000,328.44,-0.76
1065215000,328.45,-0.75
1065215000,328.46,-0.74
1065215000,328.47,-0.73
1065215000,328.48,-0.71
1065215000,328.49,-0.7
1065215000,328.5,-0.69
1065215000,328.51,-0.68
1065215000,328.52,-0.67
1065215000,328.53,-0.66
1065215000,328.54,-0.65
1065215000,328.55,-0.63
1065215000,328.56,-0.62
1065215000,328.57,-0.61
1065215000,328.58,-0.6
1065215000,328.59,-0.59
1065215000,328.6,-0.58
1065215000,328.61,-0.57
1065215000,328.62,-0.55
1065215000,328.63,-0.54
1065215000,328.64,-0.53
1065215000,328.65,-0.52
1065215000,328.66,-0.51
1065215000,328.67,-0.5
1065215000,328.68,-0.49
1065215000,328.69,-0.47
1065215000,328.7,-0.46
1065215000,328.71,-0.45
1065215000,328.72,-0.44
1065215000,328.73,-0.43
1065215000,328.74,-0.42
1065215000,328.75,-0.4
1065215000,328.76,-0.39
1065215000,328.77,-0.38
1065215000,328.78,-0.37
1065215000,328.79,-0.36
1065215000,328.8,-0.35
1065215000,328.81,-0.33
1065215000,328.82,-0.32
1065215000,328.83,-0.31
1065215000,328.84,-0.3
1065215000,328.85,-0.29
1065215000,328.86,-0.27
1065215000,328.87,-0.26
1065215000,328.88,-0.25
1065215000,328.89,-0.24
1065215000,328.9,-0.23
1065215000,328.91,-0.21
1065215000,328.92,-0.2
1065215000,328.93,-0.19
1065215000,328.94,-0.18
1065215000,328.95,-0.17
1065215000,328.96,-0.15
1065215000,328.97,-0.14
1065215000,328.98,-0.13
1065215000,328.99,-0.12
1065215000,329.0,-0.11
1065215000,329.01,-0.09
1065215000,329.02,-0.08
1065215000,329.03,-0.07
1065215000,329.04,-0.06
1065215000,329.05,-0.04
1065215000,329.06,-0.03
1065215000,329.07,-0.02
1065215000,329.08,-0.01
1065215000,329.09,0.0
1065215000,329.1,0.02
1065215000,329.11,0.03
1065215000,329.12,0.04
1065215000,329.13,0.05
1065215000,329.14,0.07
1065215000,329.15,0.08
1065215000,329.16,0.09
1065215000,329.17,0.1
1065215000,329.18,0.12
1065215000,329.19,0.13
1065215000,329.2,0.14
1065215000,329.21,0.15
1065215000,329.22,0.17
1065215000,329.23,0.18
1065215000,329.24,0.19
1065215000,329.25,0.2
1065215000,329.26,0.22
1065215000,329.27,0.23
1065215000,329.28,0.24
1065215000,329.29,0.25
1065215000,329.3,0.27
1065215000,329.31,0.28
1065215000,329.32,0.29
1065215000,329.33,0.31
1065215000,329.34,0.32
1065215000,329.35,0.33
1065215000,329.36,0.34
1065215000,329.37,0.36
1065215000,329.38,0.37
1065215000,329.39,0.38
1065215000,329.4,0.39
1065215000,329.41,0.41
1065215000,329.42,0.42
1065215000,329.43,0.43
1065215000,329.44,0.45
1065215000,329.45,0.46
1065215000,329.46,0.47
1065215000,329.47,0.49
1065215000,329.48,0.5
1065215000,329.49,0.51
1065215000,329.5,0.52
1065215000,329.51,0.54
1065215000,329.52,0.55
1065215000,329.53,0.56
1065215000,329.54,0.58
1065215000,329.55,0.59
1065215000,329.56,0.6
1065215000,329.57,0.62
1065215000,329.58,0.63
1065215000,329.59,0.64
1065215000,329.6,0.66
1065215000,329.61,0.67
1065215000,329.62,0.68
1065215000,329.63,0.7
1065215000,329.64,0.71
1065215000,329.65,0.72
1065215000,329.66,0.74
1065215000,329.67,0.75
1065215000,329.68,0.76
1065215000,329.69,0.78
1065215000,329.7,0.79
1065215000,329.71,0.8
1065215000,329.72,0.82
1065215000,329.73,0.83
1065215000,329.74,0.84
1065215000,329.75,0.86
1065215000,329.76,0.87
1065215000,329.77,0.88
1065215000,329.78,0.9
1065215000,329.79,0.91
1065215000,329.8,0.92
1065215000,329.81,0.94
1065215000,329.82,0.95
1065215000,329.83,0.97
1065215000,329.84,0.98
1065215000,329.85,0.99
1065215000,329.86,1.01
1065215000,329.87,1.02
1065215000,329.88,1.03
1065215000,329.89,1.05
1065215000,329.9,1.06
1065215000,329.91,1.08
1065215000,329.92,1.09
1065215000,329.93,1.1
1065215000,329.94,1.12
1065215000,329.95,1.13
1065215000,329.96,1.14
1065215000,329.97,1.16
1065215000,329.98,1.17
1065215000,329.99,1.19
1065215000,330.0,1.2
1065215000,330.01,1.21
1065215000,330.02,1.23
1065215000,330.03,1.24
1065215000,330.04,1.26
1065215000,330.05,1.27
1065215000,330.06,1.28
1065215000,330.07,1.3
1065215000,330.08,1.31
1065215000,330.09,1.33
1065215000,330.1,1.34
1065215000,330.11,1.36
1065215000,330.12,1.37
1065215000,330.13,1.38
1065215000,330.14,1.4
1065215000,330.15,1.41
1065215000,330.16,1.43
1065215000,330.17,1.44
1065215000,330.18,1.46
1065215000,330.19,1.47
1065215000,330.2,1.48
1065215000,330.21,1.5
1065215000,330.22,1.51
1065215000,330.23,1.53
1065215000,330.24,1.54
1065215000,330.25,1.56
1065215000,330.26,1.57
1065215000,330.27,1.59
1065215000,330.28,1.6
1065215000,330.29,1.61
1065215000,330.3,1.63
1065215000,330.31,1.64
1065215000,330.32,1.66
1065215000,330.33,1.67
1065215000,330.34,1.69
1065215000,330.35,1.7
1065215000,330.36,1.72
1065215000,330.37,1.73
1065215000,330.38,1.75
1065215000,330.39,1.76
1065215000,330.4,1.78
1065215000,330.41,1.79
1065215000,330.42,1.8
1065215000,330.43,1.82
1065215000,330.44,1.83
1065215000,330.45,1.85
1065215000,330.46,1.86
1065215000,330.47,1.88
1065215000,330.48,1.89
1065215000,330.49,1.91
1065215000,330.5,1.92
1065215000,330.51,1.94
1065215000,330.52,1.95
1065215000,330.53,1.97
1065215000,330.54,1.98
1065215000,330.55,2.0
1065215000,330.56,2.01
1065215000,330.57,2.03
1065215000,330.58,2.04
1065215000,330.59,2.06
1065215000,330.6,2.07
1065215000,330.61,2.09
1065215000,330.62,2.1
1065215000,330.63,2.12
1065215000,330.64,2.14
1065215000,330.65,2.15
1065215000,330.66,2.17
1065215000,330.67,2.18
1065215000,330.68,2.2
1065215000,330.69,2.21
1065215000,330.7,2.23
1065215000,330.71,2.24
1065215000,330.72,2.26
1065215000,330.73,2.27
1065215000,330.74,2.29
1065215000,330.75,2.3
1065215000,330.76,2.32
1065215000,330.77,2.33
1065215000,330.78,2.35
1065215000,330.79,2.37
1065215000,330.8,2.38
1065215000,330.81,2.4
1065215000,330.82,2.41
1065215000,330.83,2.43
1065215000,330.84,2.44
1065215000,330.85,2.46
1065215000,330.86,2.47
1065215000,330.87,2.49
1065215000,330.88,2.51
1065215000,330.89,2.52
1065215000,330.9,2.54
1065215000,330.91,2.55
1065215000,330.92,2.57
1065215000,330.93,2.59
1065215000,330.94,2.6
1065215000,330.95,2.62
1065215000,330.96,2.63
1065215000,330.97,2.65
1065215000,330.98,2.66
1065215000,330.99,2.68
1065215000,331.0,2.7
1065215000,331.01,2.71
1065215000,331.02,2.73
1065215000,331.03,2.74
1065215000,331.04,2.76
1065215000,331.05,2.78
1065215000,331.06,2.79
1065215000,331.07,2.81
1065215000,331.08,2.82
1065215000,331.09,2.84
1065215000,331.1,2.86
1065215000,331.11,2.87
1065215000,331.12,2.89
1065215000,331.13,2.91
1065215000,331.14,2.92
1065215000,331.15,2.94
1065215000,331.16,2.95
1065215000,331.17,2.97
1065215000,331.18,2.99
1065215000,331.19,3.0
1065215000,331.2,3.02
1065215000,331.21,3.04
1065215000,331.22,3.05
1065215000,331.23,3.07
1065215000,331.24,3.08
1065215000,331.25,3.1
1065215000,331.26,3.12
1065215000,331.27,3.13
1065215000,331.28,3.15
1065215000,331.29,3.17
1065215000,331.3,3.18
1065215000,331.31,3.2
1065215000,331.32,3.22
1065215000,331.33,3.23
1065215000,331.34,3.25
1065215000,331.35,3.27
1065215000,331.36,3.28
1065215000,331.37,3.3
1065215000,331.38,3.32
1065215000,331.39,3.33
1065215000,331.4,3.35
1065215000,331.41,3.37
1065215000,331.42,3.38
1065215000,331.43,3.4
1065215000,331.44,3.42
1065215000,331.45,3.43
1065215000,331.46,3.45
1065215000,331.47,3.47
1065215000,331.48,3.49
1065215000,331.49,3.5
1065215000,331.5,3.52
1065215000,331.51,3.54
1065215000,331.52,3.55
1065215000,331.53,3.57
1065215000,331.54,3.59
1065215000,331.55,3.6
1065215000,331.56,3.62
1065215000,331.57,3.64
1065215000,331.58,3.66
1065215000,331.59,3.67
1065215000,331.6,3.69
1065215000,331.61,3.71
1065215000,331.62,3.72
1065215000,331.63,3.74
1065215000,331.64,3.76
1065215000,331.65,3.78
1065215000,331.66,3.79
1065215000,331.67,3.81
1065215000,331.68,3.83
1065215000,331.69,3.85
1065215000,331.7,3.86
1065215000,331.71,3.88
1065215000,331.72,3.9
1065215000,331.73,3.92
1065215000,331.74,3.93
1065215000,331.75,3.95
1065215000,331.76,3.97
1065215000,331.77,3.99
1065215000,331.78,4.0
1065215000,331.79,4.02
1065215000,331.8,4.04
1065215000,331.81,4.06
1065215000,331.82,4.07
1065215000,331.83,4.09
1065215000,331.84,4.11
1065215000,331.85,4.13
1065215000,331.86,4.14
1065215000,331.87,4.16
1065215000,331.88,4.18
1065215000,331.89,4.2
1065215000,331.9,4.22
1065215000,331.91,4.23
1065215000,331.92,4.25
1065215000,331.93,4.27
1065215000,331.94,4.29
1065215000,331.95,4.3
1065215000,331.96,4.32
1065215000,331.97,4.34
1065215000,331.98,4.36
1065215000,331.99,4.38
1065215000,332.0,4.39
1065215000,332.01,4.41
1065215000,332.02,4.43
1065215000,332.03,4.45
1065215000,332.04,4.47
1065215000,332.05,4.49
1065215000,332.06,4.5
1065215000,332.07,4.52
1065215000,332.08,4.54
1065215000,332.09,4.56
1065215000,332.1,4.58
1065215000,332.11,4.59
1065215000,332.12,4.61
1065215000,332.13,4.63
1065215000,332.14,4.65
1065215000,332.15,4.67
1065215000,332.16,4.69
1065215000,332.17,4.71
1065215000,332.18,4.72
1065215000,332.19,4.74
1065215000,332.2,4.76
1065215000,332.21,4.78
1065215000,332.22,4.8
1065215000,332.23,4.82
1065215000,332.24,4.83
1065215000,332.25,4.85
1065215000,332.26,4.87
1065215000,332.27,4.89
1065215000,332.28,4.91
1065215000,332.29,4.93
1065215000,332.3,4.95
1065215000,332.31,4.97
1065215000,332.32,4.98
1065215000,332.33,5.0
1065215000,332.34,5.02
1065215000,332.35,5.04
1065215000,332.36,5.06
1065215000,332.37,5.08
1065215000,332.38,5.1
1065215000,332.39,5.12
1065215000,332.4,5.14
1065215000,332.41,5.15
1065215000,332.42,5.17
1065215000,332.43,5.19
1065215000,332.44,5.21
1065215000,332.45,5.23
1065215000,332.46,5.25
1065215000,332.47,5.27
1065215000,332.48,5.29
1065215000,332.49,5.31
1065215000,332.5,5.33
1065215000,332.51,5.34
1065215000,332.52,5.36
1065215000,332.53,5.38
1065215000,332.54,5.4
1065215000,332.55,5.42
1065215000,332.56,5.44
1065215000,332.57,5.46
1065215000,332.58,5.48
1065215000,332.59,5.5
1065215000,332.6,5.52
1065215000,332.61,5.54
1065215000,332.62,5.56
1065215000,332.63,5.58
1065215000,332.64,5.6
1065215000,332.65,5.62
1065215000,332.66,5.64
1065215000,332.67,5.66
1065215000,332.68,5.67
1065215000,332.69,5.69
1065215000,332.7,5.71
1065215000,332.71,5.73
1065215000,332.72,5.75
1065215000,332.73,5.77
1065215000,332.74,5.79
1065215000,332.75,5.81
1065215000,332.76,5.83
1065215000,332.77,5.85
1065215000,332.78,5.87
1065215000,332.79,5.89
1065215000,332.8,5.91
1065215000,332.81,5.93
1065215000,332.82,5.95
1065215000,332.83,5.97
1065215000,332.84,5.99
1065215000,332.85,6.01
1065215000,332.86,6.03
1065215000,332.87,6.05
1065215000,332.88,6.07
1065215000,332.89,6.09
1065215000,332.9,6.11
1065215000,332.91,6.13
1065215000,332.92,6.15
1065215000,332.93,6.17
1065215000,332.94,6.19
1065215000,332.95,6.21
1065215000,332.96,6.23
1065215000,332.97,6.25
1065215000,332.98,6.27
1065215000,332.99,6.29
1065215000,333.0,6.31
1065215000,333.01,6.33
1065215000,333.02,6.35
1065215000,333.03,6.38
1065215000,333.04,6.4
1065215000,333.05,6.42
1065215000,333.06,6.44
1065215000,333.07,6.46
1065215000,333.08,6.48
1065215000,333.09,6.5
1065215000,333.1,6.52
1065215000,333.11,6.54
1065215000,333.12,6.56
1065215000,333.13,6.58
1065215000,333.14,6.6
1065215000,333.15,6.62
1065215000,333.16,6.64
1065215000,333.17,6.66
1065215000,333.18,6.68
1065215000,333.19,6.71
1065215000,333.2,6.73
1065215000,333.21,6.75
1065215000,333.22,6.77
1065215000,333.23,6.79
1065215000,333.24,6.81
1065215000,333.25,6.83
1065215000,333.26,6.85
1065215000,333.27,6.87
1065215000,333.28,6.89
1065215000,333.29,6.91
1065215000,333.3,6.94
1065215000,333.31,6.96
1065215000,333.32,6.98
1065215000,333.33,7.0
1065215000,333.34,7.02
1065215000,333.35,7.04
1065215000,333.36,7.06
1065215000,333.37,7.08
1065215000,333.38,7.11
1065215000,333.39,7.13
1065215000,333.4,7.15
1065215000,333.41,7.17
1065215000,333.42,7.19
1065215000,333.43,7.21
1065215000,333.44,7.23
1065215000,333.45,7.25
1065215000,333.46,7.28
1065215000,333.47,7.3
1065215000,333.48,7.32
1065215000,333.49,7.34
1065215000,333.5,7.36
1065215000,333.51,7.38
1065215000,333.52,7.41
1065215000,333.53,7.43
1065215000,333.54,7.45
1065215000,333.55,7.47
1065215000,333.56,7.49
1065215000,333.57,7.51
1065215000,333.58,7.54
1065215000,333.59,7.56
1065215000,333.6,7.58
1065215000,333.61,7.6
1065215000,333.62,7.62
1065215000,333.63,7.65
1065215000,333.64,7.67
1065215000,333.65,7.69
1065215000,333.66,7.71
1065215000,333.67,7.73
1065215000,333.68,7.75
1065215000,333.69,7.78
1065215000,333.7,7.8
1065215000,333.71,7.82
1065215000,333.72,7.84
1065215000,333.73,7.87
1065215000,333.74,7.89
1065215000,333.75,7.91
1065215000,333.76,7.93
1065215000,333.77,7.95
1065215000,333.78,7.98
1065215000,333.79,8.0
1065215000,333.8,8.02
1065215000,333.81,8.04
1065215000,333.82,8.07
1065215000,333.83,8.09
1065215000,333.84,8.11
1065215000,333.85,8.13
1065215000,333.86,8.16
1065215000,333.87,8.18
1065215000,333.88,8.2
1065215000,333.89,8.22
1065215000,333.9,8.25
1065215000,333.91,8.27
1065215000,333.92,8.29
1065215000,333.93,8.31
1065215000,333.94,8.34
1065215000,333.95,8.36
1065215000,333.96,8.38
1065215000,333.97,8.41
1065215000,333.98,8.43
1065215000,333.99,8.45
1065215000,334.0,8.47
1065215000,334.01,8.5
1065215000,334.02,8.52
1065215000,334.03,8.54
1065215000,334.04,8.57
1065215000,334.05,8.59
1065215000,334.06,8.61
1065215000,334.07,8.63
1065215000,334.08,8.66
1065215000,334.09,8.68
1065215000,334.1,8.7
1065215000,334.11,8.73
1065215000,334.12,8.75
1065215000,334.13,8.77
1065215000,334.14,8.8
1065215000,334.15,8.82
1065215000,334.16,8.84
1065215000,334.17,8.87
1065215000,334.18,8.89
1065215000,334.19,8.91
1065215000,334.2,8.94
1065215000,334.21,8.96
1065215000,334.22,8.98
1065215000,334.23,9.01
1065215000,334.24,9.03
1065215000,334.25,9.05
1065215000,334.26,9.08
1065215000,334.27,9.1
1065215000,334.28,9.12
1065215000,334.29,9.15
1065215000,334.3,9.17
1065215000,334.31,9.2
1065215000,334.32,9.22
1065215000,334.33,9.24
1065215000,334.34,9.27
1065215000,334.35,9.29
1065215000,334.36,9.31
1065215000,334.37,9.34
1065215000,334.38,9.36
1065215000,334.39,9.39
1065215000,334.4,9.41
1065215000,334.41,9.43
1065215000,334.42,9.46
1065215000,334.43,9.48
1065215000,334.44,9.51
1065215000,334.45,9.53
1065215000,334.46,9.55
1065215000,334.47,9.58
1065215000,334.48,9.6
1065215000,334.49,9.63
1065215000,334.5,9.65
1065215000,334.51,9.67
1065215000,334.52,9.7
1065215000,334.53,9.72
1065215000,334.54,9.75
1065215000,334.55,9.77
1065215000,334.56,9.8
1065215000,334.57,9.82
1065215000,334.58,9.85
1065215000,334.59,9.87
1065215000,334.6,9.89
1065215000,334.61,9.92
1065215000,334.62,9.94
1065215000,334.63,9.97
1065215000,334.64,9.99
1065215000,334.65,10.02
1065215000,334.66,10.04
1065215000,334.67,10.07
1065215000,334.68,10.09
1065215000,334.69,10.12
1065215000,334.7,10.14
1065215000,334.71,10.17
1065215000,334.72,10.19
1065215000,334.73,10.22
1065215000,334.74,10.24
1065215000,334.75,10.26
1065215000,334.76,10.29
1065215000,334.77,10.31
1065215000,334.78,10.34
1065215000,334.79,10.36
1065215000,334.8,10.39
1065215000,334.81,10.41
1065215000,334.82,10.44
1065215000,334.83,10.47
1065215000,334.84,10.49
1065215000,334.85,10.52
1065215000,334.86,10.54
1065215000,334.87,10.57
1065215000,334.88,10.59
1065215000,334.89,10.62
1065215000,334.9,10.64
1065215000,334.91,10.67
1065215000,334.92,10.69
1065215000,334.93,10.72
1065215000,334.94,10.74
1065215000,334.95,10.77
1065215000,334.96,10.79
1065215000,334.97,10.82
1065215000,334.98,10.85
1065215000,334.99,10.87
1065215000,335.0,10.9
1065215000,335.01,10.92
1065215000,335.02,10.95
1065215000,335.03,10.97
1065215000,335.04,11.0
1065215000,335.05,11.03
1065215000,335.06,11.05
1065215000,335.07,11.08
1065215000,335.08,11.1
1065215000,335.09,11.13
1065215000,335.1,11.15
1065215000,335.11,11.18
1065215000,335.12,11.21
1065215000,335.13,11.23
1065215000,335.14,11.26
1065215000,335.15,11.28
1065215000,335.16,11.31
1065215000,335.17,11.34
1065215000,335.18,11.36
1065215000,335.19,11.39
1065215000,335.2,11.42
1065215000,335.21,11.44
1065215000,335.22,11.47
1065215000,335.23,11.49
1065215000,335.24,11.52
1065215000,335.25,11.55
1065215000,335.26,11.57
1065215000,335.27,11.6
1065215000,335.28,11.63
1065215000,335.29,11.65
1065215000,335.3,11.68
1065215000,335.31,11.71
1065215000,335.32,11.73
1065215000,335.33,11.76
1065215000,335.34,11.78
1065215000,335.35,11.81
1065215000,335.36,11.84
1065215000,335.37,11.86
1065215000,335.38,11.89
1065215000,335.39,11.92
1065215000,335.4,11.95
1065215000,335.41,11.97
1065215000,335.42,12.0
1065215000,335.43,12.03
1065215000,335.44,12.05
1065215000,335.45,12.08
1065215000,335.46,12.11
1065215000,335.47,12.13
1065215000,335.48,12.16
1065215000,335.49,12.19
1065215000,335.5,12.21
1065215000,335.51,12.24
1065215000,335.52,12.27
1065215000,335.53,12.3
1065215000,335.54,12.32
1065215000,335.55,12.35
1065215000,335.56,12.38
1065215000,335.57,12.41
1065215000,335.58,12.43
1065215000,335.59,12.46
1065215000,335.6,12.49
1065215000,335.61,12.51
1065215000,335.62,12.54
1065215000,335.63,12.57
1065215000,335.64,12.6
1065215000,335.65,12.62
1065215000,335.66,12.65
1065215000,335.67,12.68
1065215000,335.68,12.71
1065215000,335.69,12.74
1065215000,335.7,12.76
1065215000,335.71,12.79
1065215000,335.72,12.82
1065215000,335.73,12.85
1065215000,335.74,12.87
1065215000,335.75,12.9
1065215000,335.76,12.93
1065215000,335.77,12.96
1065215000,335.78,12.99
1065215000,335.79,13.01
1065215000,335.8,13.04
1065215000,335.81,13.07
1065215000,335.82,13.1
1065215000,335.83,13.13
1065215000,335.84,13.15
1065215000,335.85,13.18
1065215000,335.86,13.21
1065215000,335.87,13.24
1065215000,335.88,13.27
1065215000,335.89,13.29
1065215000,335.9,13.32
1065215000,335.91,13.35
1065215000,335.92,13.38
1065215000,335.93,13.41
1065215000,335.94,13.44
1065215000,335.95,13.47
1065215000,335.96,13.49
1065215000,335.97,13.52
1065215000,335.98,13.55
1065215000,335.99,13.58
1065215000,336.0,13.61
1065215000,336.01,13.64
1065215000,336.02,13.67
1065215000,336.03,13.69
1065215000,336.04,13.72
1065215000,336.05,13.75
1065215000,336.06,13.78
1065215000,336.07,13.81
1065215000,336.08,13.84
1065215000,336.09,13.87
1065215000,336.1,13.9
1065215000,336.11,13.93
1065215000,336.12,13.95
1065215000,336.13,13.98
1065215000,336.14,14.01
1065215000,336.15,14.04
1065215000,336.16,14.07
1065215000,336.17,14.1
1065215000,336.18,14.13
1065215000,336.19,14.16
1065215000,336.2,14.19
1065215000,336.21,14.22
1065215000,336.22,14.25
1065215000,336.23,14.28
1065215000,336.24,14.3
1065215000,336.25,14.33
1065215000,336.26,14.36
1065215000,336.27,14.39
1065215000,336.28,14.42
1065215000,336.29,14.45
1065215000,336.3,14.48
1065215000,336.31,14.51
1065215000,336.32,14.54
1065215000,336.33,14.57
1065215000,336.34,14.6
1065215000,336.35,14.63
1065215000,336.36,14.66
1065215000,336.37,14.69
1065215000,336.38,14.72
1065215000,336.39,14.75
1065215000,336.4,14.78
1065215000,336.41,14.81
1065215000,336.42,14.84
1065215000,336.43,14.87
1065215000,336.44,14.9
1065215000,336.45,14.93
1065215000,336.46,14.96
1065215000,336.47,14.99
1065215000,336.48,15.02
1065215000,336.49,15.05
1065215000,336.5,15.08
1065215000,336.51,15.11
1065215000,336.52,15.14
1065215000,336.53,15.17
1065215000,336.54,15.2
1065215000,336.55,15.23
1065215000,336.56,15.26
1065215000,336.57,15.29
1065215000,336.58,15.32
1065215000,336.59,15.35
1065215000,336.6,15.38
1065215000,336.61,15.42
1065215000,336.62,15.45
1065215000,336.63,15.48
1065215000,336.64,15.51
1065215000,336.65,15.54
1065215000,336.66,15.57
1065215000,336.67,15.6
1065215000,336.68,15.63
1065215000,336.69,15.66
1065215000,336.7,15.69
1065215000,336.71,15.72
1065215000,336.72,15.75
1065215000,336.73,15.78
1065215000,336.74,15.82
1065215000,336.75,15.85
1065215000,336.76,15.88
1065215000,336.77,15.91
1065215000,336.78,15.94
1065215000,336.79,15.97
1065215000,336.8,16.0
1065215000,336.81,16.03
1065215000,336.82,16.07
1065215000,336.83,16.1
1065215000,336.84,16.13
1065215000,336.85,16.16
1065215000,336.86,16.19
1065215000,336.87,16.22
1065215000,336.88,16.25
1065215000,336.89,16.29
1065215000,336.9,16.32
1065215000,336.91,16.35
1065215000,336.92,16.38
1065215000,336.93,16.41
1065215000,336.94,16.44
1065215000,336.95,16.48
1065215000,336.96,16.51
1065215000,336.97,16.54
1065215000,336.98,16.57
1065215000,336.99,16.6
1065215000,337.0,16.63
1065215000,337.01,16.67
1065215000,337.02,16.7
1065215000,337.03,16.73
1065215000,337.04,16.76
1065215000,337.05,16.79
1065215000,337.06,16.83
1065215000,337.07,16.86
1065215000,337.08,16.89
1065215000,337.09,16.92
1065215000,337.1,16.96
1065215000,337.11,16.99
1065215000,337.12,17.02
1065215000,337.13,17.05
1065215000,337.14,17.08
1065215000,337.15,17.12
1065215000,337.16,17.15
1065215000,337.17,17.18
1065215000,337.18,17.21
1065215000,337.19,17.25
1065215000,337.2,17.28
1065215000,337.21,17.31
1065215000,337.22,17.34
1065215000,337.23,17.38
1065215000,337.24,17.41
1065215000,337.25,17.44
1065215000,337.26,17.48
1065215000,337.27,17.51
1065215000,337.28,17.54
1065215000,337.29,17.57
1065215000,337.3,17.61
1065215000,337.31,17.64
1065215000,337.32,17.67
1065215000,337.33,17.71
1065215000,337.34,17.74
1065215000,337.35,17.77
1065215000,337.36,17.81
1065215000,337.37,17.84
1065215000,337.38,17.87
1065215000,337.39,17.91
1065215000,337.4,17.94
1065215000,337.41,17.97
1065215000,337.42,18.01
1065215000,337.43,18.04
1065215000,337.44,18.07
1065215000,337.45,18.11
1065215000,337.46,18.14
1065215000,337.47,18.17
1065215000,337.48,18.21
1065215000,337.49,18.24
1065215000,337.5,18.27
1065215000,337.51,18.31
1065215000,337.52,18.34
1065215000,337.53,18.37
1065215000,337.54,18.41
1065215000,337.55,18.44
1065215000,337.56,18.48
1065215000,337.57,18.51
1065215000,337.58,18.54
1065215000,337.59,18.58
1065215000,337.6,18.61
1065215000,337.61,18.65
1065215000,337.62,18.68
1065215000,337.63,18.71
1065215000,337.64,18.75
1065215000,337.65,18.78
1065215000,337.66,18.82
1065215000,337.67,18.85
1065215000,337.68,18.88
1065215000,337.69,18.92
1065215000,337.7,18.95
1065215000,337.71,18.99
1065215000,337.72,19.02
1065215000,337.73,19.06
1065215000,337.74,19.09
1065215000,337.75,19.13
1065215000,337.76,19.16
1065215000,337.77,19.19
1065215000,337.78,19.23
1065215000,337.79,19.26
1065215000,337.8,19.3
1065215000,337.81,19.33
1065215000,337.82,19.37
1065215000,337.83,19.4
1065215000,337.84,19.44
1065215000,337.85,19.47
1065215000,337.86,19.51
1065215000,337.87,19.54
1065215000,337.88,19.58
1065215000,337.89,19.61
1065215000,337.9,19.65
1065215000,337.91,19.68
1065215000,337.92,19.72
1065215000,337.93,19.75
1065215000,337.94,19.79
1065215000,337.95,19.82
1065215000,337.96,19.86
1065215000,337.97,19.89
1065215000,337.98,19.93
1065215000,337.99,19.96
1065215000,338.0,20.0
1065215000,338.01,20.04
1065215000,338.02,20.07
1065215000,338.03,20.11
1065215000,338.04,20.14
1065215000,338.05,20.18
1065215000,338.06,20.21
1065215000,338.07,20.25
1065215000,338.08,20.28
1065215000,338.09,20.32
1065215000,338.1,20.36
1065215000,338.11,20.39
1065215000,338.12,20.43
1065215000,338.13,20.46
1065215000,338.14,20.5
1065215000,338.15,20.54
1065215000,338.16,20.57
1065215000,338.17,20.61
1065215000,338.18,20.64
1065215000,338.19,20.68
1065215000,338.2,20.72
1065215000,338.21,20.75
1065215000,338.22,20.79
1065215000,338.23,20.82
1065215000,338.24,20.86
1065215000,338.25,20.9
1065215000,338.26,20.93
1065215000,338.27,20.97
1065215000,338.28,21.01
1065215000,338.29,21.04
1065215000,338.3,21.08
1065215000,338.31,21.12
1065215000,338.32,21.15
1065215000,338.33,21.19
1065215000,338.34,21.23
1065215000,338.35,21.26
1065215000,338.36,21.3
1065215000,338.37,21.34
1065215000,338.38,21.37
1065215000,338.39,21.41
1065215000,338.4,21.45
1065215000,338.41,21.48
1065215000,338.42,21.52
1065215000,338.43,21.56
1065215000,338.44,21.59
1065215000,338.45,21.63
1065215000,338.46,21.67
1065215000,338.47,21.71
1065215000,338.48,21.74
1065215000,338.49,21.78
1065215000,338.5,21.82
1065215000,338.51,21.85
1065215000,338.52,21.89
1065215000,338.53,21.93
1065215000,338.54,21.97
1065215000,338.55,22.0
1065215000,338.56,22.04
1065215000,338.57,22.08
1065215000,338.58,22.12
1065215000,338.59,22.15
1065215000,338.6,22.19
1065215000,338.61,22.23
1065215000,338.62,22.27
1065215000,338.63,22.3
1065215000,338.64,22.34
1065215000,338.65,22.38
1065215000,338.66,22.42
1065215000,338.67,22.46
1065215000,338.68,22.49
1065215000,338.69,22.53
1065215000,338.7,22.57
1065215000,338.71,22.61
1065215000,338.72,22.65
1065215000,338.73,22.68
1065215000,338.74,22.72
1065215000,338.75,22.76
1065215000,338.76,22.8
1065215000,338.77,22.84
1065215000,338.78,22.87
1065215000,338.79,22.91
1065215000,338.8,22.95
1065215000,338.81,22.99
1065215000,338.82,23.03
1065215000,338.83,23.07
1065215000,338.84,23.1
1065215000,338.85,23.14
1065215000,338.86,23.18
1065215000,338.87,23.22
1065215000,338.88,23.26
1065215000,338.89,23.3
1065215000,338.9,23.34
1065215000,338.91,23.38
1065215000,338.92,23.41
1065215000,338.93,23.45
1065215000,338.94,23.49
1065215000,338.95,23.53
1065215000,338.96,23.57
1065215000,338.97,23.61
1065215000,338.98,23.65
1065215000,338.99,23.69
1065215000,339.0,23.73
1065215000,339.01,23.76
1065215000,339.02,23.8
1065215000,339.03,23.84
1065215000,339.04,23.88
1065215000,339.05,23.92
1065215000,339.06,23.96
1065215000,339.07,24.0
1065215000,339.08,24.04
1065215000,339.09,24.08
1065215000,339.1,24.12
1065215000,339.11,24.16
1065215000,339.12,24.2
1065215000,339.13,24.24
1065215000,339.14,24.28
1065215000,339.15,24.32
1065215000,339.16,24.36
1065215000,339.17,24.4
1065215000,339.18,24.44
1065215000,339.19,24.48
1065215000,339.2,24.52
1065215000,339.21,24.56
1065215000,339.22,24.6
1065215000,339.23,24.63
1065215000,339.24,24.67
1065215000,339.25,24.71
1065215000,339.26,24.76
1065215000,339.27,24.8
1065215000,339.28,24.84
1065215000,339.29,24.88
1065215000,339.3,24.92
1065215000,339.31,24.96
1065215000,339.32,25.0
1065215000,339.33,25.04
1065215000,339.34,25.08
1065215000,339.35,25.12
1065215000,339.36,25.16
1065215000,339.37,25.2
1065215000,339.38,25.24
1065215000,339.39,25.28
1065215000,339.4,25.32
1065215000,339.41,25.36
1065215000,339.42,25.4
1065215000,339.43,25.44
1065215000,339.44,25.48
1065215000,339.45,25.52
1065215000,339.46,25.56
1065215000,339.47,25.6
1065215000,339.48,25.65
1065215000,339.49,25.69
1065215000,339.5,25.73
1065215000,339.51,25.77
1065215000,339.52,25.81
1065215000,339.53,25.85
1065215000,339.54,25.89
1065215000,339.55,25.93
1065215000,339.56,25.97
1065215000,339.57,26.01
1065215000,339.58,26.06
1065215000,339.59,26.1
1065215000,339.6,26.14
1065215000,339.61,26.18
1065215000,339.62,26.22
1065215000,339.63,26.26
1065215000,339.64,26.3
1065215000,339.65,26.35
1065215000,339.66,26.39
1065215000,339.67,26.43
1065215000,339.68,26.47
1065215000,339.69,26.51
1065215000,339.7,26.55
1065215000,339.71,26.6
1065215000,339.72,26.64
1065215000,339.73,26.68
1065215000,339.74,26.72
1065215000,339.75,26.76
1065215000,339.76,26.8
1065215000,339.77,26.85
1065215000,339.78,26.89
1065215000,339.79,26.93
1065215000,339.8,26.97
1065215000,339.81,27.01
1065215000,339.82,27.06
1065215000,339.83,27.1
1065215000,339.84,27.14
1065215000,339.85,27.18
1065215000,339.86,27.23
1065215000,339.87,27.27
1065215000,339.88,27.31
1065215000,339.89,27.35
1065215000,339.9,27.39
1065215000,339.91,27.44
1065215000,339.92,27.48
1065215000,339.93,27.52
1065215000,339.94,27.56
1065215000,339.95,27.61
1065215000,339.96,27.65
1065215000,339.97,27.69
1065215000,339.98,27.74
1065215000,339.99,27.78
1065215000,340.0,27.82
1065215000,340.01,27.86
1065215000,340.02,27.91
1065215000,340.03,27.95
1065215000,340.04,27.99
1065215000,340.05,28.03
1065215000,340.06,28.08
1065215000,340.07,28.12
1065215000,340.08,28.16
1065215000,340.09,28.21
1065215000,340.1,28.25
1065215000,340.11,28.29
1065215000,340.12,28.34
1065215000,340.13,28.38
1065215000,340.14,28.42
1065215000,340.15,28.47
1065215000,340.16,28.51
1065215000,340.17,28.55
1065215000,340.18,28.6
1065215000,340.19,28.64
1065215000,340.2,28.68
1065215000,340.21,28.73
1065215000,340.22,28.77
1065215000,340.23,28.81
1065215000,340.24,28.86
1065215000,340.25,28.9
1065215000,340.26,28.94
1065215000,340.27,28.99
1065215000,340.28,29.03
1065215000,340.29,29.08
1065215000,340.3,29.12
1065215000,340.31,29.16
1065215000,340.32,29.21
1065215000,340.33,29.25
1065215000,340.34,29.3
1065215000,340.35,29.34
1065215000,340.36,29.38
1065215000,340.37,29.43
1065215000,340.38,29.47
1065215000,340.39,29.52
1065215000,340.4,29.56
1065215000,340.41,29.6
1065215000,340.42,29.65
1065215000,340.43,29.69
1065215000,340.44,29.74
1065215000,340.45,29.78
1065215000,340.46,29.83
1065215000,340.47,29.87
1065215000,340.48,29.91
1065215000,340.49,29.96
1065215000,340.5,30.0
1065215000,340.51,30.05
1065215000,340.52,30.09
1065215000,340.53,30.14
1065215000,340.54,30.18
1065215000,340.55,30.23
1065215000,340.56,30.27
1065215000,340.57,30.32
1065215000,340.58,30.36
1065215000,340.59,30.4
1065215000,340.6,30.45
1065215000,340.61,30.49
1065215000,340.62,30.54
1065215000,340.63,30.58
1065215000,340.64,30.63
1065215000,340.65,30.67
1065215000,340.66,30.72
1065215000,340.67,30.76
1065215000,340.68,30.81
1065215000,340.69,30.85
1065215000,340.7,30.9
1065215000,340.71,30.95
1065215000,340.72,30.99
1065215000,340.73,31.04
1065215000,340.74,31.08
1065215000,340.75,31.13
1065215000,340.76,31.17
1065215000,340.77,31.22
1065215000,340.78,31.26
1065215000,340.79,31.31
1065215000,340.8,31.35
1065215000,340.81,31.4
1065215000,340.82,31.44
1065215000,340.83,31.49
1065215000,340.84,31.54
1065215000,340.85,31.58
1065215000,340.86,31.63
1065215000,340.87,31.67
1065215000,340.88,31.72
1065215000,340.89,31.76
1065215000,340.9,31.81
1065215000,340.91,31.86
1065215000,340.92,31.9
1065215000,340.93,31.95
1065215000,340.94,31.99
1065215000,340.95,32.04
1065215000,340.96,32.09
1065215000,340.97,32.13
1065215000,340.98,32.18
1065215000,340.99,32.22
1065215000,341.0,32.27
1065215000,341.01,32.32
1065215000,341.02,32.36
1065215000,341.03,32.41
1065215000,341.04,32.45
1065215000,341.05,32.5
1065215000,341.06,32.55
1065215000,341.07,32.59
1065215000,341.08,32.64
1065215000,341.09,32.69
1065215000,341.1,32.73
1065215000,341.11,32.78
1065215000,341.12,32.82
1065215000,341.13,32.87
1065215000,341.14,32.92
1065215000,341.15,32.96
1065215000,341.16,33.01
1065215000,341.17,33.06
1065215000,341.18,33.1
1065215000,341.19,33.15
1065215000,341.2,33.2
1065215000,341.21,33.24
1065215000,341.22,33.29
1065215000,341.23,33.34
1065215000,341.24,33.38
1065215000,341.25,33.43
1065215000,341.26,33.48
1065215000,341.27,33.53
1065215000,341.28,33.57
1065215000,341.29,33.62
1065215000,341.3,33.67
1065215000,341.31,33.71
1065215000,341.32,33.76
1065215000,341.33,33.81
1065215000,341.34,33.85
1065215000,341.35,33.9
1065215000,341.36,33.95
1065215000,341.37,34.0
1065215000,341.38,34.04
1065215000,341.39,34.09
1065215000,341.4,34.14
1065215000,341.41,34.18
1065215000,341.42,34.23
1065215000,341.43,34.28
1065215000,341.44,34.33
1065215000,341.45,34.37
1065215000,341.46,34.42
1065215000,341.47,34.47
1065215000,341.48,34.52
1065215000,341.49,34.56
1065215000,341.5,34.61
1065215000,341.51,34.66
1065215000,341.52,34.71
1065215000,341.53,34.75
1065215000,341.54,34.8
1065215000,341.55,34.85
1065215000,341.56,34.9
1065215000,341.57,34.94
1065215000,341.58,34.99
1065215000,341.59,35.04
1065215000,341.6,35.09
1065215000,341.61,35.13
1065215000,341.62,35.18
1065215000,341.63,35.23
1065215000,341.64,35.28
1065215000,341.65,35.33
1065215000,341.66,35.37
1065215000,341.67,35.42
1065215000,341.68,35.47
1065215000,341.69,35.52
1065215000,341.7,35.57
1065215000,341.71,35.61
1065215000,341.72,35.66
1065215000,341.73,35.71
1065215000,341.74,35.76
1065215000,341.75,35.81
1065215000,341.76,35.85
1065215000,341.77,35.9
1065215000,341.78,35.95
1065215000,341.79,36.0
1065215000,341.8,36.05
1065215000,341.81,36.09
1065215000,341.82,36.14
1065215000,341.83,36.19
1065215000,341.84,36.24
1065215000,341.85,36.29
1065215000,341.86,36.34
1065215000,341.87,36.38
1065215000,341.88,36.43
1065215000,341.89,36.48
1065215000,341.9,36.53
1065215000,341.91,36.58
1065215000,341.92,36.63
1065215000,341.93,36.67
1065215000,341.94,36.72
1065215000,341.95,36.77
1065215000,341.96,36.82
1065215000,341.97,36.87
1065215000,341.98,36.92
1065215000,341.99,36.97
1065215000,342.0,37.01
1065215000,342.01,37.06
1065215000,342.02,37.11
1065215000,342.03,37.16
1065215000,342.04,37.21
1065215000,342.05,37.26
1065215000,342.06,37.31
1065215000,342.07,37.35
1065215000,342.08,37.4
1065215000,342.09,37.45
1065215000,342.1,37.5
1065215000,342.11,37.55
1065215000,342.12,37.6
1065215000,342.13,37.65
1065215000,342.14,37.7
1065215000,342.15,37.74
1065215000,342.16,37.79
1065215000,342.17,37.84
1065215000,342.18,37.89
1065215000,342.19,37.94
1065215000,342.2,37.99
1065215000,342.21,38.04
1065215000,342.22,38.09
1065215000,342.23,38.14
1065215000,342.24,38.18
1065215000,342.25,38.23
1065215000,342.26,38.28
1065215000,342.27,38.33
1065215000,342.28,38.38
1065215000,342.29,38.43
1065215000,342.3,38.48
1065215000,342.31,38.53
1065215000,342.32,38.58
1065215000,342.33,38.63
1065215000,342.34,38.67
1065215000,342.35,38.72
1065215000,342.36,38.77
1065215000,342.37,38.82
1065215000,342.38,38.87
1065215000,342.39,38.92
1065215000,342.4,38.97
1065215000,342.41,39.02
1065215000,342.42,39.07
1065215000,342.43,39.12
1065215000,342.44,39.16
1065215000,342.45,39.21
1065215000,342.46,39.26
1065215000,342.47,39.31
1065215000,342.48,39.36
1065215000,342.49,39.41
1065215000,342.5,39.46
1065215000,342.51,39.51
1065215000,342.52,39.56
1065215000,342.53,39.61
1065215000,342.54,39.66
1065215000,342.55,39.71
1065215000,342.56,39.75
1065215000,342.57,39.8
1065215000,342.58,39.85
1065215000,342.59,39.9
1065215000,342.6,39.95
1065215000,342.61,40.0
1065215000,342.62,40.05
1065215000,342.63,40.1
1065215000,342.64,40.15
1065215000,342.65,40.2
1065215000,342.66,40.25
1065215000,342.67,40.3
1065215000,342.68,40.35
1065215000,342.69,40.39
1065215000,342.7,40.44
1065215000,342.71,40.49
1065215000,342.72,40.54
1065215000,342.73,40.59
1065215000,342.74,40.64
1065215000,342.75,40.69
1065215000,342.76,40.74
1065215000,342.77,40.79
1065215000,342.78,40.84
1065215000,342.79,40.89
1065215000,342.8,40.94
1065215000,342.81,40.99
1065215000,342.82,41.04
1065215000,342.83,41.08
1065215000,342.84,41.13
1065215000,342.85,41.18
1065215000,342.86,41.23
1065215000,342.87,41.28
1065215000,342.88,41.33
1065215000,342.89,41.38
1065215000,342.9,41.43
1065215000,342.91,41.48
1065215000,342.92,41.53
1065215000,342.93,41.58
1065215000,342.94,41.63
1065215000,342.95,41.67
1065215000,342.96,41.72
1065215000,342.97,41.77
1065215000,342.98,41.82
1065215000,342.99,41.87
1065215000,343.0,41.92
1065215000,343.01,41.97
1065215000,343.02,42.02
1065215000,343.03,42.07
1065215000,343.04,42.12
1065215000,343.05,42.17
1065215000,343.06,42.22
1065215000,343.07,42.26
1065215000,343.08,42.31
1065215000,343.09,42.36
1065215000,343.1,42.41
1065215000,343.11,42.46
1065215000,343.12,42.51
1065215000,343.13,42.56
1065215000,343.14,42.61
1065215000,343.15,42.66
1065215000,343.16,42.71
1065215000,343.17,42.75
1065215000,343.18,42.8
1065215000,343.19,42.85
1065215000,343.2,42.9
1065215000,343.21,42.95
1065215000,343.22,43.0
1065215000,343.23,43.05
1065215000,343.24,43.1
1065215000,343.25,43.15
1065215000,343.26,43.19
1065215000,343.27,43.24
1065215000,343.28,43.29
1065215000,343.29,43.34
1065215000,343.3,43.39
1065215000,343.31,43.44
1065215000,343.32,43.49
1065215000,343.33,43.54
1065215000,343.34,43.58
1065215000,343.35,43.63
1065215000,343.36,43.68
1065215000,343.37,43.73
1065215000,343.38,43.78
1065215000,343.39,43.83
1065215000,343.4,43.88
1065215000,343.41,43.92
1065215000,343.42,43.97
1065215000,343.43,44.02
1065215000,343.44,44.07
1065215000,343.45,44.12
1065215000,343.46,44.17
1065215000,343.47,44.22
1065215000,343.48,44.26
1065215000,343.49,44.31
1065215000,343.5,44.36
1065215000,343.51,44.41
1065215000,343.52,44.46
1065215000,343.53,44.5
1065215000,343.54,44.55
1065215000,343.55,44.6
1065215000,343.56,44.65
1065215000,343.57,44.7
1065215000,343.58,44.75
1065215000,343.59,44.79
1065215000,343.6,44.84
1065215000,343.61,44.89
1065215000,343.62,44.94
1065215000,343.63,44.99
1065215000,343.64,45.03
1065215000,343.65,45.08
1065215000,343.66,45.13
1065215000,343.67,45.18
1065215000,343.68,45.22
1065215000,343.69,45.27
1065215000,343.7,45.32
1065215000,343.71,45.37
1065215000,343.72,45.41
1065215000,343.73,45.46
1065215000,343.74,45.51
1065215000,343.75,45.56
1065215000,343.76,45.6
1065215000,343.77,45.65
1065215000,343.78,45.7
1065215000,343.79,45.75
1065215000,343.8,45.79
1065215000,343.81,45.84
1065215000,343.82,45.89
1065215000,343.83,45.94
1065215000,343.84,45.98
1065215000,343.85,46.03
1065215000,343.86,46.08
1065215000,343.87,46.12
1065215000,343.88,46.17
1065215000,343.89,46.22
1065215000,343.9,46.26
1065215000,343.91,46.31
1065215000,343.92,46.36
1065215000,343.93,46.4
1065215000,343.94,46.45
1065215000,343.95,46.5
1065215000,343.96,46.54
1065215000,343.97,46.59
1065215000,343.98,46.64
1065215000,343.99,46.68
1065215000,344.0,46.73
1065215000,344.01,46.78
1065215000,344.02,46.82
1065215000,344.03,46.87
1065215000,344.04,46.91
1065215000,344.05,46.96
1065215000,344.06,47.01
1065215000,344.07,47.05
1065215000,344.08,47.1
1065215000,344.09,47.14
1065215000,344.1,47.19
1065215000,344.11,47.23
1065215000,344.12,47.28
1065215000,344.13,47.33
1065215000,344.14,47.37
1065215000,344.15,47.42
1065215000,344.16,47.46
1065215000,344.17,47.51
1065215000,344.18,47.55
1065215000,344.19,47.6
1065215000,344.2,47.64
1065215000,344.21,47.69
1065215000,344.22,47.73
1065215000,344.23,47.78
1065215000,344.24,47.82
1065215000,344.25,47.87
1065215000,344.26,47.91
1065215000,344.27,47.96
1065215000,344.28,48.0
1065215000,344.29,48.05
1065215000,344.3,48.09
1065215000,344.31,48.13
1065215000,344.32,48.18
1065215000,344.33,48.22
1065215000,344.34,48.27
1065215000,344.35,48.31
1065215000,344.36,48.36
1065215000,344.37,48.4
1065215000,344.38,48.44
1065215000,344.39,48.49
1065215000,344.4,48.53
1065215000,344.41,48.57
1065215000,344.42,48.62
1065215000,344.43,48.66
1065215000,344.44,48.7
1065215000,344.45,48.75
1065215000,344.46,48.79
1065215000,344.47,48.83
1065215000,344.48,48.88
1065215000,344.49,48.92
1065215000,344.5,48.96
1065215000,344.51,49.01
1065215000,344.52,49.05
1065215000,344.53,49.09
1065215000,344.54,49.13
1065215000,344.55,49.18
1065215000,344.56,49.22
1065215000,344.57,49.26
1065215000,344.58,49.3
1065215000,344.59,49.34
1065215000,344.6,49.39
1065215000,344.61,49.43
1065215000,344.62,49.47
1065215000,344.63,49.51
1065215000,344.64,49.55
1065215000,344.65,49.59
1065215000,344.66,49.64
1065215000,344.67,49.68
1065215000,344.68,49.72
1065215000,344.69,49.76
1065215000,344.7,49.8
1065215000,344.71,49.84
1065215000,344.72,49.88
1065215000,344.73,49.92
1065215000,344.74,49.96
1065215000,344.75,50.0
1065215000,344.76,50.04
1065215000,344.77,50.08
1065215000,344.78,50.12
1065215000,344.79,50.16
1065215000,344.8,50.2
1065215000,344.81,50.24
1065215000,344.82,50.28
1065215000,344.83,50.32
1065215000,344.84,50.36
1065215000,344.85,50.4
1065215000,344.86,50.44
1065215000,344.87,50.48
1065215000,344.88,50.52
1065215000,344.89,50.56
1065215000,344.9,50.6
1065215000,344.91,50.63
1065215000,344.92,50.67
1065215000,344.93,50.71
1065215000,344.94,50.75
1065215000,344.95,50.79
1065215000,344.96,50.83
1065215000,344.97,50.86
1065215000,344.98,50.9
1065215000,344.99,50.94
1065215000,345.0,50.98
1065215000,345.01,51.01
1065215000,345.02,51.05
1065215000,345.03,51.09
1065215000,345.04,51.12
1065215000,345.05,51.16
1065215000,345.06,51.2
1065215000,345.07,51.24
1065215000,345.08,51.27
1065215000,345.09,51.31
1065215000,345.1,51.34
1065215000,345.11,51.38
1065215000,345.12,51.42
1065215000,345.13,51.45
1065215000,345.14,51.49
1065215000,345.15,51.52
1065215000,345.16,51.56
1065215000,345.17,51.59
1065215000,345.18,51.63
1065215000,345.19,51.66
1065215000,345.2,51.7
1065215000,345.21,51.73
1065215000,345.22,51.77
1065215000,345.23,51.8
1065215000,345.24,51.83
1065215000,345.25,51.87
1065215000,345.26,51.9
1065215000,345.27,51.94
1065215000,345.28,51.97
1065215000,345.29,52.0
1065215000,345.3,52.04
1065215000,345.31,52.07
1065215000,345.32,52.1
1065215000,345.33,52.13
1065215000,345.34,52.17
1065215000,345.35,52.2
1065215000,345.36,52.23
1065215000,345.37,52.26
1065215000,345.38,52.3
1065215000,345.39,52.33
1065215000,345.4,52.36
1065215000,345.41,52.39
1065215000,345.42,52.42
1065215000,345.43,52.45
1065215000,345.44,52.48
1065215000,345.45,52.51
1065215000,345.46,52.54
1065215000,345.47,52.57
1065215000,345.48,52.6
1065215000,345.49,52.63
1065215000,345.5,52.66
1065215000,345.51,52.69
1065215000,345.52,52.72
1065215000,345.53,52.75
1065215000,345.54,52.78
1065215000,345.55,52.81
1065215000,345.56,52.84
1065215000,345.57,52.87
1065215000,345.58,52.89
1065215000,345.59,52.92
1065215000,345.6,52.95
1065215000,345.61,52.98
1065215000,345.62,53.01
1065215000,345.63,53.03
1065215000,345.64,53.06
1065215000,345.65,53.09
1065215000,345.66,53.11
1065215000,345.67,53.14
1065215000,345.68,53.17
1065215000,345.69,53.19
1065215000,345.7,53.22
1065215000,345.71,53.24
1065215000,345.72,53.27
1065215000,345.73,53.29
1065215000,345.74,53.32
1065215000,345.75,53.34
1065215000,345.76,53.37
1065215000,345.77,53.39
1065215000,345.78,53.42
1065215000,345.79,53.44
1065215000,345.8,53.46
1065215000,345.81,53.49
1065215000,345.82,53.51
1065215000,345.83,53.53
1065215000,345.84,53.56
1065215000,345.85,53.58
1065215000,345.86,53.6
1065215000,345.87,53.62
1065215000,345.88,53.64
1065215000,345.89,53.67
1065215000,345.9,53.69
1065215000,345.91,53.71
1065215000,345.92,53.73
1065215000,345.93,53.75
1065215000,345.94,53.77
1065215000,345.95,53.79
1065215000,345.96,53.81
1065215000,345.97,53.83
1065215000,345.98,53.85
1065215000,345.99,53.87
1065215000,346.0,53.89
1065215000,346.01,53.91
1065215000,346.02,53.92
1065215000,346.03,53.94
1065215000,346.04,53.96
1065215000,346.05,53.98
1065215000,346.06,53.99
1065215000,346.07,54.01
1065215000,346.08,54.03
1065215000,346.09,54.05
1065215000,346.1,54.06
1065215000,346.11,54.08
1065215000,346.12,54.09
1065215000,346.13,54.11
1065215000,346.14,54.12
1065215000,346.15,54.14
1065215000,346.16,54.15
1065215000,346.17,54.17
1065215000,346.18,54.18
1065215000,346.19,54.2
1065215000,346.2,54.21
1065215000,346.21,54.22
1065215000,346.22,54.24
1065215000,346.23,54.25
1065215000,346.24,54.26
1065215000,346.25,54.27
1065215000,346.26,54.28
1065215000,346.27,54.3
1065215000,346.28,54.31
1065215000,346.29,54.32
1065215000,346.3,54.33
1065215000,346.31,54.34
1065215000,346.32,54.35
1065215000,346.33,54.36
1065215000,346.34,54.37
1065215000,346.35,54.38
1065215000,346.36,54.39
1065215000,346.37,54.39
1065215000,346.38,54.4
1065215000,346.39,54.41
1065215000,346.4,54.42
1065215000,346.41,54.42
1065215000,346.42,54.43
1065215000,346.43,54.44
1065215000,346.44,54.44
1065215000,346.45,54.45
1065215000,346.46,54.46
1065215000,346.47,54.46
1065215000,346.48,54.47
1065215000,346.49,54.47
1065215000,346.5,54.47
1065215000,346.51,54.48
1065215000,346.52,54.48
1065215000,346.53,54.49
1065215000,346.54,54.49
1065215000,346.55,54.49
1065215000,346.56,54.49
1065215000,346.57,54.49
1065215000,346.58,54.5
1065215000,346.59,54.5
1065215000,346.6,54.5
1065215000,346.61,54.5
1065215000,346.62,54.5
1065215000,346.63,54.5
1065215000,346.64,54.5
1065215000,346.65,54.5
1065215000,346.66,54.49
1065215000,346.67,54.49
1065215000,346.68,54.49
1065215000,346.69,54.49
1065215000,346.7,54.48
1065215000,346.71,54.48
1065215000,346.72,54.48
1065215000,346.73,54.47
1065215000,346.74,54.47
1065215000,346.75,54.46
1065215000,346.76,54.46
1065215000,346.77,54.45
1065215000,346.78,54.45
1065215000,346.79,54.44
1065215000,346.8,54.43
1065215000,346.81,54.43
1065215000,346.82,54.42
1065215000,346.83,54.41
1065215000,346.84,54.4
1065215000,346.85,54.39
1065215000,346.86,54.38
1065215000,346.87,54.38
1065215000,346.88,54.37
1065215000,346.89,54.35
1065215000,346.9,54.34
1065215000,346.91,54.33
1065215000,346.92,54.32
1065215000,346.93,54.31
1065215000,346.94,54.3
1065215000,346.95,54.28
1065215000,346.96,54.27
1065215000,346.97,54.26
1065215000,346.98,54.24
1065215000,346.99,54.23
1065215000,347.0,54.21
1065215000,347.01,54.2
1065215000,347.02,54.18
1065215000,347.03,54.16
1065215000,347.04,54.15
1065215000,347.05,54.13
1065215000,347.06,54.11
1065215000,347.07,54.09
1065215000,347.08,54.07
1065215000,347.09,54.05
1065215000,347.1,54.03
1065215000,347.11,54.01
1065215000,347.12,53.99
1065215000,347.13,53.97
1065215000,347.14,53.95
1065215000,347.15,53.93
1065215000,347.16,53.9
1065215000,347.17,53.88
1065215000,347.18,53.86
1065215000,347.19,53.83
1065215000,347.2,53.81
1065215000,347.21,53.78
1065215000,347.22,53.76
1065215000,347.23,53.73
1065215000,347.24,53.71
1065215000,347.25,53.68
1065215000,347.26,53.65
1065215000,347.27,53.62
1065215000,347.28,53.59
1065215000,347.29,53.57
1065215000,347.3,53.54
1065215000,347.31,53.51
1065215000,347.32,53.47
1065215000,347.33,53.44
1065215000,347.34,53.41
1065215000,347.35,53.38
1065215000,347.36,53.35
1065215000,347.37,53.31
1065215000,347.38,53.28
1065215000,347.39,53.24
1065215000,347.4,53.21
1065215000,347.41,53.17
1065215000,347.42,53.14
1065215000,347.43,53.1
1065215000,347.44,53.06
1065215000,347.45,53.03
1065215000,347.46,52.99
1065215000,347.47,52.95
1065215000,347.48,52.91
1065215000,347.49,52.87
1065215000,347.5,52.83
1065215000,347.51,52.79
1065215000,347.52,52.75
1065215000,347.53,52.7
1065215000,347.54,52.66
1065215000,347.55,52.62
1065215000,347.56,52.57
1065215000,347.57,52.53
1065215000,347.58,52.48
1065215000,347.59,52.44
1065215000,347.6,52.39
1065215000,347.61,52.34
1065215000,347.62,52.3
1065215000,347.63,52.25
1065215000,347.64,52.2
1065215000,347.65,52.15
1065215000,347.66,52.1
1065215000,347.67,52.05
1065215000,347.68,52.0
1065215000,347.69,51.94
1065215000,347.7,51.89
1065215000,347.71,51.84
1065215000,347.72,51.78
1065215000,347.73,51.73
1065215000,347.74,51.67
1065215000,347.75,51.62
1065215000,347.76,51.56
1065215000,347.77,51.5
1065215000,347.78,51.45
1065215000,347.79,51.39
1065215000,347.8,51.33
1065215000,347.81,51.27
1065215000,347.82,51.21
1065215000,347.83,51.15
1065215000,347.84,51.09
1065215000,347.85,51.02
1065215000,347.86,50.96
1065215000,347.87,50.9
1065215000,347.88,50.83
1065215000,347.89,50.77
1065215000,347.9,50.7
1065215000,347.91,50.63
1065215000,347.92,50.57
1065215000,347.93,50.5
1065215000,347.94,50.43
1065215000,347.95,50.36
1065215000,347.96,50.29
1065215000,347.97,50.22
1065215000,347.98,50.15
1065215000,347.99,50.07
1065215000,348.0,50.0
1065215000,348.01,49.93
